run_id,stage,stage_description,model,train_seconds,doc_count,dictionary_size,perplexity,stage_train_seconds,documents,non_empty_docs,total_tokens,avg_tokens,median_tokens,min_tokens,max_tokens,std_tokens,unique_tokens,vocab_size,coherence_c_v,coherence_u_mass,coherence_c_npmi,coherence_c_uci
20250921-205356,tokenized,"Tokenized (lowercased, accent stripped)",LDA,7.114046573638916,3195,4230,1.1601173392110035e+135,242.02311158180237,3195,3071,309305,100.71800716379029,81.0,0,250,64.07432484109621,21143,4230,0.37515281637945436,-1.8228585746362314,0.0026447745382858785,-0.3300976036522637
20250921-205356,tokenized,"Tokenized (lowercased, accent stripped)",HDP1,0.9063589572906494,3195,4230,783.3916440928735,242.02311158180237,3195,3071,309305,100.71800716379029,81.0,0,250,64.07432484109621,21143,4230,0.7085947137184907,-18.597032288865897,-0.42913148633687553,-11.976245658960005
20250921-205356,tokenized,"Tokenized (lowercased, accent stripped)",HDP2,1.4036884307861328,3195,4230,13230.066147197616,242.02311158180237,3195,3071,309305,100.71800716379029,81.0,0,250,64.07432484109621,21143,4230,0.7109770467039046,-18.501269008917777,-0.42293270555415674,-11.809637491288402
20250921-205356,no_numeric,Removed tokens that contain digits,LDA,6.685460329055786,3195,4230,1.1601173392110035e+135,241.05187106132507,3195,3071,309305,100.71800716379029,81.0,0,250,64.07432484109621,21143,4230,0.37515281637945436,-1.8228585746362314,0.0026447745382858785,-0.3300976036522637
20250921-205356,no_numeric,Removed tokens that contain digits,HDP1,1.0096511840820312,3195,4230,783.3916440928735,241.05187106132507,3195,3071,309305,100.71800716379029,81.0,0,250,64.07432484109621,21143,4230,0.7085947137184907,-18.597032288865897,-0.42913148633687553,-11.976245658960005
20250921-205356,no_numeric,Removed tokens that contain digits,HDP2,1.4342479705810547,3195,4230,13230.066147197616,241.05187106132507,3195,3071,309305,100.71800716379029,81.0,0,250,64.07432484109621,21143,4230,0.7109770467039046,-18.501269008917777,-0.42293270555415674,-11.809637491288402
20250921-205356,no_stopwords,Removed default and custom stop words,LDA,4.65956974029541,3195,3973,2.5005984989412487e+257,222.1086196899414,3195,3071,180344,58.72484532725497,48.0,0,161,36.97268512679722,20835,3973,0.4675080098920629,-3.902783268242469,-0.03305188241746162,-2.435909645985114
20250921-205356,no_stopwords,Removed default and custom stop words,HDP1,1.148059606552124,3195,3973,1166.949899425297,222.1086196899414,3195,3071,180344,58.72484532725497,48.0,0,161,36.97268512679722,20835,3973,0.7121276953214086,-18.999006758299412,-0.45304777703630755,-12.672718048447521
20250921-205356,no_stopwords,Removed default and custom stop words,HDP2,1.5534589290618896,3195,3973,164034.2117450852,222.1086196899414,3195,3071,180344,58.72484532725497,48.0,0,161,36.97268512679722,20835,3973,0.7244802472597649,-19.261479005791376,-0.4528988256211668,-12.659184952144981
20250921-205356,pos_filtered,"Removed 38382 tokens via POS/NER filtering (POS=38382, NER=0), docs_modified=3050",LDA,3.6900651454925537,3195,3256,3.335254039674061e+266,218.90132117271423,3195,3071,141962,46.22663627482905,38.0,0,131,29.388542872666477,17826,3256,0.4972628795673688,-4.207731627578328,-0.05002915755192719,-2.7603203629381374
20250921-205356,pos_filtered,"Removed 38382 tokens via POS/NER filtering (POS=38382, NER=0), docs_modified=3050",HDP1,1.160325288772583,3195,3256,1078.4906565819415,218.90132117271423,3195,3071,141962,46.22663627482905,38.0,0,131,29.388542872666477,17826,3256,0.6944559447850477,-19.00913433459467,-0.46219960805860133,-12.956471295094781
20250921-205356,pos_filtered,"Removed 38382 tokens via POS/NER filtering (POS=38382, NER=0), docs_modified=3050",HDP2,1.3151581287384033,3195,3256,201491.6147284423,218.90132117271423,3195,3071,141962,46.22663627482905,38.0,0,131,29.388542872666477,17826,3256,0.6987146108141755,-19.141628162690385,-0.46201992844121487,-12.942173468121728
20250921-205356,lemmatized,Lemmatized tokens with 47986 replacements across 3057 documents,LDA,4.2351906299591064,3195,2789,4.9459561295933575e+215,221.75584149360657,3195,3071,141962,46.22663627482905,38.0,0,131,29.388542872666477,15468,2789,0.4847438306022752,-3.999280009212979,-0.046627357541673575,-2.5712724418742297
20250921-205356,lemmatized,Lemmatized tokens with 47986 replacements across 3057 documents,HDP1,1.1367616653442383,3195,2789,851.4312538110803,221.75584149360657,3195,3071,141962,46.22663627482905,38.0,0,131,29.388542872666477,15468,2789,0.6866626075399299,-18.671676320014356,-0.45791935884308194,-12.81503294660098
20250921-205356,lemmatized,Lemmatized tokens with 47986 replacements across 3057 documents,HDP2,1.2940733432769775,3195,2789,63851.7007605235,221.75584149360657,3195,3071,141962,46.22663627482905,38.0,0,131,29.388542872666477,15468,2789,0.6884404995444113,-18.824915707741198,-0.45905285573296306,-12.865270817187104
20250921-205356,with_ngrams,Added bigram and trigram phrases,LDA,3.5671262741088867,3195,2942,1.2094226277503155e+243,222.05519795417786,3195,3071,136725,44.52132855747313,36.0,0,126,28.57862702037836,15751,2942,0.49315841809113936,-3.7836520917916987,-0.046473003211332235,-2.390394085707092
20250921-205356,with_ngrams,Added bigram and trigram phrases,HDP1,1.2458460330963135,3195,2942,937.2937112098144,222.05519795417786,3195,3071,136725,44.52132855747313,36.0,0,126,28.57862702037836,15751,2942,0.6871972667734214,-18.837632859463515,-0.46510408202094056,-13.025590375827589
20250921-205356,with_ngrams,Added bigram and trigram phrases,HDP2,1.3906071186065674,3195,2942,113525.31343434089,222.05519795417786,3195,3071,136725,44.52132855747313,36.0,0,126,28.57862702037836,15751,2942,0.6877730790737077,-18.867299401671463,-0.46048652173621163,-12.90387268611547
20250921-205356,min_words,Kept documents with >= 20 tokens (2477 of 3195),LDA,3.7208869457244873,2477,2833,2.4339504550111448e+191,224.86006212234497,2477,2477,128976,52.06943883730319,45.0,20,126,25.667055967106243,15144,2833,0.4631349021169661,-3.9182417767182343,-0.03838035364635772,-2.296514652460725
20250921-205356,min_words,Kept documents with >= 20 tokens (2477 of 3195),HDP1,0.9794003963470459,2477,2833,929.9161393170931,224.86006212234497,2477,2477,128976,52.06943883730319,45.0,20,126,25.667055967106243,15144,2833,0.7067475807940622,-19.142147921475907,-0.463019539223052,-12.967756186061315
20250921-205356,min_words,Kept documents with >= 20 tokens (2477 of 3195),HDP2,1.162323236465454,2477,2833,128527.22799443871,224.86006212234497,2477,2477,128976,52.06943883730319,45.0,20,126,25.667055967106243,15144,2833,0.7018757798369474,-19.20725488787604,-0.4665407702239569,-13.061132167770952
